,x,y,heading,steering_angle,speed,steering_angle_rate
0,0.35350388,0.8713935,0.5852506,0.47507554,0.3910427,0.5233623
1,0.3521189,0.8665404,0.5901713,0.45014232,0.39365363,0.50874865
2,0.35129,0.86479104,0.59009206,0.4501018,0.39376095,0.5086593
3,0.34869027,0.85948664,0.58984125,0.4499501,0.39409155,0.5083697
4,0.347804,0.85659736,0.58977246,0.45820498,0.44336724,0.51263237
5,0.34999704,0.86292225,0.59063184,0.4781692,0.43978813,0.431815
6,0.34516585,0.8531384,0.58791953,0.47662812,0.4430472,0.52313143
7,0.3457154,0.84975386,0.5903899,0.47037345,0.44151747,0.6107725
8,0.34548903,0.85105836,0.5919717,0.43514618,0.4442289,0.49917626
9,0.34304887,0.8469879,0.5893127,0.457915,0.44396892,0.5120979
10,0.34208548,0.8449886,0.5892201,0.45786333,0.44409254,0.5119923
11,0.34002492,0.8397384,0.5890378,0.46604502,0.49351642,0.5161224
12,0.33900356,0.8376004,0.5889397,0.46599275,0.49364814,0.5160114
13,0.33798254,0.83548987,0.58884156,0.46593684,0.4937789,0.51589906
14,0.33701998,0.8335458,0.58874846,0.46587795,0.49390063,0.5157908
15,0.3360176,0.83143544,0.5886527,0.46582824,0.4940302,0.51568246
16,0.3348232,0.82896405,0.58853775,0.4657632,0.49418327,0.5155512
17,0.33380222,0.8268535,0.58843964,0.4657073,0.49431393,0.51543885
18,0.332704,0.82457656,0.58833396,0.4656481,0.4944549,0.5153184
19,0.33164483,0.82241035,0.58823186,0.46558702,0.49458966,0.5152006
20,0.33054668,0.8201333,0.5881263,0.46552783,0.49473044,0.5150802
21,0.32940948,0.8177454,0.58801746,0.4654706,0.49487737,0.51495695
22,0.32831076,0.814384,0.58792865,0.4737183,0.54418147,0.519198
23,0.32723132,0.8121072,0.5878254,0.47366536,0.5443212,0.5190816
24,0.3237049,0.8024199,0.5857201,0.4737398,0.5466582,0.5955877
25,0.3263124,0.8090641,0.58763057,0.45662993,0.5446239,0.5091809
26,0.32384497,0.8049563,0.5846689,0.47331065,0.5447438,0.51862454
27,0.32164592,0.8002088,0.58445984,0.47321755,0.545032,0.518393
28,0.32046944,0.7976823,0.58434767,0.47316587,0.5451858,0.5182684
29,0.31927565,0.7942093,0.5842488,0.4813969,0.5944993,0.5224947
30,0.3180606,0.7915996,0.5841331,0.48134363,0.5946582,0.522366
31,0.31678736,0.788851,0.584012,0.48128974,0.5948251,0.52223194
32,0.31553373,0.7861579,0.58389264,0.4812348,0.59498894,0.5220992
33,0.31424263,0.78346425,0.58376867,0.48116744,0.5951551,0.5219584
34,0.3129511,0.7796867,0.5836616,0.48940694,0.64448434,0.5261792
35,0.31183153,0.77827257,0.5835392,0.48106343,0.59547067,0.52170384
36,0.31061688,0.77569044,0.58342326,0.48100662,0.59562844,0.5215739
37,0.3094018,0.7730805,0.58330756,0.48095328,0.5957874,0.5214452
38,0.30799323,0.76897013,0.5831902,0.48919868,0.64513475,0.5256578
39,0.30662423,0.76605475,0.5830595,0.48913527,0.6453128,0.5255115
40,0.30533162,0.7632507,0.58293664,0.48908234,0.6454827,0.5253761
41,0.3028224,0.7577264,0.5826992,0.4889905,0.64581525,0.5251174
42,0.301492,0.75489426,0.58257216,0.48892868,0.6459883,0.52497524
43,0.3001222,0.7519237,0.58244216,0.48887247,0.64616823,0.52483165
44,0.2987528,0.74898064,0.5823117,0.48881269,0.6463473,0.52468675
45,0.29736432,0.7460099,0.5821793,0.48875022,0.6465284,0.5245391
46,0.29599437,0.7419827,0.5820657,0.4969973,0.6958707,0.5287558
47,0.29464445,0.73909515,0.58193696,0.4969365,0.6960469,0.52861226
48,0.29333234,0.7362357,0.58181244,0.49688452,0.69621974,0.52847546
49,0.29057407,0.7302942,0.58154994,0.49676585,0.6965809,0.5281843
50,0.289205,0.72737896,0.58141935,0.49670243,0.696759,0.5280381
51,0.2877581,0.72424173,0.5812818,0.49664295,0.696949,0.5278864
52,0.28636926,0.72124326,0.58114964,0.49658406,0.6971312,0.5277401
53,0.28498033,0.7182449,0.58101755,0.4965253,0.6973132,0.5275939
54,0.28345698,0.7149964,0.58087224,0.4964553,0.6975115,0.52743137
55,0.28202954,0.71191466,0.58073646,0.49639487,0.6976988,0.52728105
56,0.27911806,0.70572305,0.58045846,0.4962588,0.69807726,0.5269697
57,0.27487463,0.6965887,0.5800545,0.4960754,0.69863254,0.5265214
58,0.27335048,0.693285,0.5799098,0.49601263,0.69883287,0.5263616
59,0.27180773,0.6899809,0.5797627,0.49594373,0.69903415,0.52619773
60,0.2702465,0.68670446,0.5796132,0.49586487,0.69923574,0.5260285
61,0.2687618,0.6835393,0.5794714,0.49579656,0.699429,0.5258701
62,0.26725817,0.67931724,0.57934403,0.5040253,0.7487858,0.5300678
63,0.2657161,0.67606854,0.5791965,0.50394917,0.74898523,0.52990127
64,0.2641923,0.6727924,0.5790514,0.50388277,0.7491845,0.5297401
65,0.26263037,0.6694606,0.5789023,0.5038112,0.749388,0.52957356
66,0.26095313,0.66590655,0.57874197,0.503731,0.7496057,0.5293935
67,0.25935262,0.6624915,0.5785894,0.5036579,0.74981403,0.52922285
68,0.25788617,0.65929884,0.57845014,0.50359935,0.75000715,0.52906984
69,0.25636286,0.6560503,0.57830477,0.50352937,0.7502056,0.52890736
70,0.2514458,0.64452624,0.57785195,0.5116045,0.8000075,0.53274214
71,0.25003704,0.64144474,0.5777184,0.5115502,0.8001934,0.5325959
72,0.24847399,0.6380302,0.57757026,0.5114894,0.8003997,0.5324334
73,0.24677682,0.6343929,0.5774085,0.5114139,0.80062133,0.53225327
74,0.24510029,0.6308941,0.5772476,0.51132655,0.8008371,0.53207046
75,0.24351847,0.6274793,0.57709724,0.51125956,0.8010444,0.5319039
76,0.24174494,0.62373084,0.57692754,0.5111736,0.8012743,0.531713
77,0.24012521,0.61923134,0.57678944,0.519401,0.85064715,0.5358999
78,0.23858024,0.6168182,0.57662755,0.51105034,0.8016918,0.5313839
79,0.2335651,0.6060182,0.5761502,0.5108342,0.80234826,0.53085434
80,0.2318296,0.6012687,0.576001,0.5190568,0.8517363,0.53502905
81,0.23005529,0.59746504,0.57583195,0.51897794,0.85196793,0.5348408
82,0.22834131,0.5939659,0.5756665,0.5188782,0.85218585,0.53465
83,0.22668315,0.5904397,0.57550824,0.5188008,0.8524015,0.5344726
84,0.22488895,0.5865529,0.5753377,0.5187265,0.85263723,0.53428435
85,0.0065798834,-0.0026961416,0.07183312,0.48396707,0.7720717,0.75759125
86,0.034427956,0.022813976,0.0868295,0.43982533,0.7942447,0.52950627
87,0.025134698,0.017692178,0.06457752,0.48704302,0.8066163,0.54139924
88,0.025836185,0.021059081,0.0648043,0.4868849,0.8064703,0.54055953
89,0.026525147,0.024535656,0.06502999,0.48670864,0.80632305,0.5396974
90,0.027945869,0.03157212,0.06549321,0.48636156,0.8060224,0.5379487
91,0.03386273,0.03816676,0.062872455,0.47883326,0.75946224,0.5342627
92,0.034564752,0.041643634,0.06310131,0.47866172,0.7593137,0.5333987
93,0.035229687,0.04487236,0.06331694,0.47850722,0.75917447,0.5325945
94,0.035884652,0.048073426,0.063529715,0.4783525,0.7590369,0.53179777
95,0.036559526,0.051329866,0.06374821,0.47819817,0.7588963,0.53098613
96,0.037257865,0.054724187,0.06397472,0.47803557,0.75875,0.53014076
97,0.03788412,0.05806209,0.06418304,0.47785336,0.75861186,0.529318
98,0.03858925,0.061511487,0.06441213,0.4776864,0.7584638,0.52845955
99,0.040594976,0.07144533,0.065065995,0.4771964,0.7580394,0.5259909
100,0.042600688,0.081379116,0.06571986,0.47670633,0.75761515,0.52352226
101,0.043256205,0.084690124,0.0659347,0.47653824,0.7574749,0.52270126
102,0.04396133,0.08813955,0.06616376,0.4763713,0.7573266,0.52184284
103,0.044558313,0.09150438,0.066365555,0.47617513,0.75719064,0.5210182
104,0.045187216,0.094704896,0.0665721,0.47601086,0.7570556,0.5202252
105,0.045914784,0.09807232,0.06680514,0.4758622,0.75690734,0.51938176
106,0.048563138,0.104536444,0.06683661,0.47587395,0.756887,0.51892734
107,0.050039403,0.10772872,0.06680356,0.4759214,0.7569086,0.51884574
108,0.05190815,0.11072458,0.06831798,0.48441124,0.8041852,0.5252056
109,0.053496543,0.11416039,0.068282485,0.4844622,0.80420864,0.5251177
110,0.05512235,0.117677316,0.06824607,0.48451424,0.8042324,0.5250277
111,0.056710884,0.12114027,0.068209216,0.48456138,0.8042561,0.5249371
112,0.057776827,0.12466499,0.066621065,0.47614175,0.7570244,0.5183975
113,0.059290495,0.12793848,0.066587225,0.47619027,0.7570465,0.51831377
114,0.06278489,0.13442414,0.06806652,0.48473597,0.8043466,0.5245863
115,0.06441057,0.1379139,0.06803137,0.4847917,0.8043701,0.524499
116,0.065887235,0.14118771,0.06799461,0.484828,0.80439264,0.52440935
117,0.07039058,0.1508726,0.06789641,0.48498,0.8044582,0.5241657
118,0.071923114,0.15422739,0.06786026,0.48502362,0.804481,0.5240768
119,0.07351144,0.15763603,0.06782602,0.48507816,0.80450404,0.5239916
120,0.078146026,0.16770004,0.06772043,0.48522127,0.8045724,0.5237312
121,0.07971606,0.17116319,0.06768212,0.48526233,0.8045961,0.5236376
122,0.08584531,0.1843922,0.06754629,0.4854626,0.80468553,0.5233012
123,0.087433584,0.18780084,0.067511976,0.48551726,0.8047087,0.523216
124,0.088891394,0.1909933,0.06747754,0.48555857,0.8047305,0.5231314
125,0.090442166,0.19429363,0.0674454,0.4856156,0.80475265,0.5230509
126,0.09193768,0.19764875,0.0674063,0.48564696,0.80477595,0.52295613
127,0.0967405,0.2080916,0.06729625,0.4857934,0.8048469,0.52268493
128,0.09832833,0.21139158,0.067267016,0.4858628,0.8048687,0.5226104
129,0.09986048,0.21466486,0.06723465,0.4859175,0.8048907,0.5225297
130,0.1029998,0.22142811,0.06716563,0.48602182,0.8049364,0.52235866
131,0.10451443,0.22491892,0.067121714,0.48604083,0.80496085,0.5222534
132,0.10767175,0.23157336,0.067059234,0.486166,0.8050054,0.5220961
133,0.11243647,0.24177207,0.06695767,0.4863335,0.8050739,0.5218431
134,0.113932,0.24512722,0.06691852,0.4863649,0.80509734,0.5217483
135,0.11552039,0.24856295,0.06688298,0.48641574,0.8051206,0.5216604
136,0.11714614,0.25207996,0.06684661,0.48646778,0.8051445,0.5215704
137,0.11884679,0.25578642,0.06680721,0.48651838,0.8051696,0.52147347
138,0.12037906,0.25908685,0.06677362,0.4865694,0.80519193,0.52139
139,0.12196726,0.26246834,0.06674057,0.4866277,0.80521464,0.52130747
140,0.12351811,0.26579577,0.06670709,0.4866811,0.8052372,0.5212244
141,0.12518115,0.26936674,0.06667112,0.48673803,0.8052612,0.521135
142,0.12690021,0.2730459,0.066634506,0.48679847,0.80528593,0.52104366
143,0.12852585,0.2765357,0.066599384,0.48685426,0.8053095,0.52095634
144,0.13474955,0.29037195,0.077524275,0.4895482,0.79225576,0.47946864
145,0.1302594,0.2812872,0.0646767,0.4965008,0.8081219,0.52361786
146,0.13325422,0.28631252,0.06917015,0.48724282,0.8056098,0.52058995
147,0.13487978,0.28977513,0.06913629,0.4873023,0.8056332,0.52050525
148,0.13827893,0.2966991,0.06908028,0.48747015,0.80567825,0.5203599
149,0.13990381,0.30002594,0.069052726,0.48754817,0.8057002,0.52028865
150,0.14150998,0.3032986,0.0690262,0.48762745,0.80572164,0.5202199
151,0.14496525,0.31035787,0.068968296,0.48779523,0.80576783,0.52006996
152,0.15133008,0.32427424,0.079891115,0.4906966,0.79271483,0.47868186
153,0.1473135,0.3149653,0.068608165,0.50595033,0.8558337,0.5292034
154,0.15038271,0.32007152,0.073103726,0.49670577,0.853322,0.5261793
155,0.15211944,0.32356036,0.07307732,0.49679834,0.8533445,0.52610993
156,0.15557408,0.3304838,0.07302578,0.49698472,0.85338914,0.52597344
157,0.15910372,0.3376239,0.07296994,0.49716592,0.8534356,0.52582747
158,0.16089636,0.34122097,0.07294296,0.49726194,0.85345894,0.52575624
159,0.16268884,0.34476352,0.07291852,0.4973656,0.85348153,0.5256904
160,0.16442516,0.34817094,0.072895944,0.49746925,0.8535033,0.52562904
161,0.16784215,0.3549589,0.072847724,0.49766177,0.8535469,0.52550006
162,0.16956002,0.35836637,0.07282373,0.49775934,0.8535688,0.52543575
163,0.17129657,0.36182803,0.072798684,0.49785554,0.8535911,0.52536905
164,0.17301437,0.3652355,0.072774634,0.497953,0.8536129,0.5253047
165,0.17936786,0.37891012,0.08324875,0.5005802,0.84130067,0.4861316
166,0.17713907,0.37413722,0.07109614,0.50728565,0.8563081,0.5277686
167,0.18037212,0.37947124,0.0753441,0.49859512,0.8539385,0.5249153
168,0.18227628,0.3831759,0.075320855,0.4987132,0.8539622,0.5248512
169,0.18404984,0.38663727,0.07529873,0.49882168,0.85398394,0.52479047
170,0.18582334,0.3900714,0.075277865,0.4989339,0.8540056,0.52473235
171,0.18754116,0.39347887,0.07525386,0.49903136,0.8540275,0.52466804
172,0.18929608,0.39691323,0.07523152,0.49913746,0.8540493,0.524607
173,0.19121894,0.40064484,0.0752085,0.49925798,0.854073,0.5245432
174,0.1929365,0.40399808,0.07518701,0.49936295,0.8540942,0.5244843
175,0.19469123,0.40737808,0.075167194,0.49947637,0.8541155,0.5244286
176,0.19653904,0.41089302,0.0751484,0.49960196,0.8541374,0.52437437
177,0.20004869,0.41770738,0.07510629,0.49982148,0.8541804,0.52425766
178,0.20182207,0.42111444,0.07508661,0.49993742,0.8542018,0.5242023
179,0.2036323,0.4244939,0.07507123,0.5000693,0.8542228,0.5241556
180,0.20538698,0.4278739,0.07505143,0.50018275,0.8542439,0.5240999
181,0.20708603,0.43122727,0.075028434,0.5002815,0.85426515,0.52403796
182,0.20889664,0.43468827,0.07500923,0.5004023,0.85428697,0.5239832
183,0.2104094,0.43874002,0.07392302,0.49209833,0.80644673,0.518134
184,0.21215893,0.44210142,0.074094206,0.4922285,0.8062312,0.5183396
185,0.21392745,0.44549072,0.07426728,0.49236125,0.80601364,0.5185479
186,0.21567693,0.44885212,0.07443845,0.49249142,0.8057979,0.5187535
187,0.21753988,0.45229763,0.0746222,0.49264807,0.80557287,0.5189793
188,0.21934661,0.45574254,0.074799314,0.49278605,0.80535114,0.51919305
189,0.22117247,0.45921534,0.07497832,0.49292666,0.8051274,0.5194095
190,0.22299756,0.46263278,0.07515788,0.49307448,0.8049053,0.5196285
191,0.22473216,0.46627027,0.0753241,0.49316245,0.80468154,0.51981676
192,0.2265007,0.46965957,0.075497285,0.4932952,0.8044639,0.520025
193,0.22805935,0.47379923,0.07563226,0.48509592,0.75510675,0.51584345
194,0.22973204,0.47702175,0.075795785,0.48521918,0.75490034,0.5160396
195,0.23160017,0.47979748,0.075992286,0.49362874,0.8038244,0.5206069
196,0.23331185,0.48313087,0.076159194,0.4937501,0.80361205,0.5208057
197,0.23226546,0.48035032,0.074080214,0.4837219,0.7566657,0.57322544
198,0.2388826,0.49412864,0.07639979,0.47971243,0.7535917,0.5132198
199,0.24136792,0.5006132,0.074087426,0.48572868,0.75340974,0.51725143
200,0.24425918,0.50669414,0.07436432,0.48587286,0.75303614,0.5175642
201,0.24579933,0.5098046,0.07451321,0.48596704,0.75284135,0.5177374
202,0.24500099,0.5063293,0.0724763,0.48427618,0.7550305,0.57455236
203,0.24977426,0.51641446,0.07453407,0.48189324,0.7521851,0.5152163
204,0.2505586,0.5195754,0.0721339,0.4861561,0.752218,0.51822734
205,0.25209177,0.5227125,0.072273105,0.4864248,0.7520223,0.5184885
206,0.2535862,0.5257398,0.07240924,0.48668933,0.7518327,0.51874405
207,0.25615895,0.5318009,0.07224482,0.48693192,0.7023349,0.5188972
208,0.25761566,0.5348005,0.07237686,0.48718554,0.70214844,0.5191449
209,0.28551635,0.59432983,0.0735542,0.46332324,0.60276353,0.5799532
210,0.28952998,0.60131,0.07463606,0.4874403,0.599507,0.52058125
211,0.28994244,0.6040971,0.071639985,0.49257255,0.5996164,0.52418184
212,0.2912089,0.60682106,0.07175316,0.49278313,0.59945023,0.5243941
213,0.29237893,0.6092975,0.07185827,0.49298114,0.5992983,0.5245913
214,0.29351258,0.6118559,0.07195787,0.4931593,0.59914577,0.52477807
215,0.29470354,0.6145244,0.07206279,0.49334812,0.5989862,0.5249748
216,0.29587457,0.6170831,0.07216689,0.49353945,0.5988313,0.52517
217,0.2971223,0.6198069,0.072277814,0.49374342,0.5986664,0.5253781
218,0.29913715,0.62454766,0.07206534,0.49390352,0.5492457,0.52544093
219,0.30030745,0.62705153,0.072170064,0.49409926,0.5490927,0.5256374
220,0.30143917,0.6294455,0.07227175,0.49429083,0.5489458,0.5258282
221,0.30291772,0.6322983,0.07279529,0.49470466,0.597906,0.5263487
222,0.3037631,0.6346175,0.07247695,0.49466234,0.5486354,0.52621305
223,0.30495346,0.6372312,0.07258263,0.49485564,0.54847765,0.5264111
224,0.30610448,0.63968,0.07268582,0.49504936,0.5483277,0.5266048
225,0.3084429,0.6444958,0.07289769,0.49545652,0.5480284,0.52700245
226,0.31066883,0.6492833,0.07309657,0.4958266,0.5477366,0.5273755
227,0.3117814,0.65164965,0.07319634,0.49601388,0.5475917,0.52756274
228,0.31298947,0.6541812,0.07330528,0.49622047,0.5474355,0.52776694
229,0.31410182,0.65652007,0.07340534,0.49641007,0.54729164,0.5279549
230,0.31521472,0.6589138,0.073504776,0.49659508,0.5471457,0.5281414
231,0.31630796,0.6612252,0.073603004,0.49678034,0.5470037,0.5283257
232,0.3174393,0.66359174,0.07370505,0.4969741,0.54685766,0.5285171
233,0.3205706,0.67053986,0.07434395,0.52804327,0.5436916,0.46782643
234,0.32156813,0.67102116,0.074359864,0.47625053,0.5525477,0.59676796
235,0.32384956,0.6751351,0.07755816,0.49258375,0.5458471,0.52577996
236,0.32403797,0.67759717,0.07429719,0.49808735,0.545999,0.5296281
237,0.32463443,0.679421,0.07395606,0.49800014,0.49675986,0.5294496
238,0.32567,0.6815948,0.07404935,0.49817693,0.4966258,0.5296246
239,0.32678223,0.68393373,0.074149445,0.49836648,0.4964818,0.52981246
240,0.3300888,0.6912225,0.074587926,0.53214794,0.4930537,0.46384487
241,0.32791764,0.6885255,0.073543966,0.5042385,0.4965447,0.53401285
242,0.32988316,0.6904874,0.07728273,0.49861997,0.49609622,0.5301948
243,0.33091834,0.6926339,0.077376336,0.49879903,0.49596313,0.5303705
244,0.33189625,0.6946702,0.077464595,0.49896735,0.49583718,0.5305362
245,0.3323581,0.6961915,0.07711166,0.49885887,0.44661602,0.53033555
246,0.33086026,0.69281304,0.07708891,0.46222955,0.45008868,0.6028373
247,0.3366923,0.7035971,0.07814731,0.49315983,0.3966605,0.5263865
248,0.3364152,0.7054942,0.074224696,0.4996159,0.39690518,0.5308765
249,0.3372215,0.707255,0.0742964,0.49974775,0.3967986,0.5310109
250,0.33795166,0.7089056,0.074360535,0.49986225,0.3967002,0.53113115
251,0.3383945,0.71039927,0.07400571,0.49974948,0.34748107,0.5309269
252,0.3391233,0.71194017,0.07407124,0.49987292,0.34738642,0.5310497
253,0.3399303,0.7137558,0.0741422,0.50000024,0.34727803,0.5311829
254,0.34065974,0.7153516,0.07420698,0.5001192,0.34718153,0.5313044
255,0.34123644,0.71667194,0.07425742,0.5002082,0.3471033,0.5313989
256,0.3418895,0.71813,0.07431501,0.50031215,0.34701595,0.53150696
257,0.3421979,0.7193211,0.07394838,0.5001782,0.29781488,0.5312805
258,0.3434828,0.7220177,0.074064136,0.5003976,0.29764876,0.5314977
259,0.34563237,0.7247456,0.07572016,0.45993477,0.30068722,0.63709015
260,0.3469482,0.72669667,0.07646762,0.49213547,0.24772748,0.52571785
261,0.34594798,0.72796345,0.071033984,0.50088423,0.24814424,0.53177005
262,0.3513583,0.7322794,0.07487179,0.5584698,0.24380872,0.42739096
263,0.34761435,0.7325953,0.06891027,0.51435196,0.25108293,0.54123294
264,0.3474577,0.73121506,0.074023396,0.50086296,0.24796307,0.5318825
265,0.34761226,0.7320486,0.07364337,0.5007057,0.1987831,0.53163105
266,0.3480531,0.7329567,0.07368335,0.5007824,0.19872662,0.531706
267,0.35504478,0.7372853,0.07925157,0.5667371,0.19410717,0.41493136
268,0.3507716,0.740743,0.07028398,0.51930445,0.15107533,0.5441904
269,0.3495626,0.73660195,0.076280385,0.5005873,0.1493893,0.5315439
270,0.34988898,0.7373172,0.0763094,0.50064033,0.14934611,0.5315982
271,0.35017663,0.73792267,0.07633525,0.5006894,0.14930883,0.5316468
272,0.35044497,0.7384729,0.076359615,0.50073624,0.14927459,0.5316925
273,0.3503319,0.73881096,0.07595457,0.5005276,0.100127004,0.531394
274,0.35056216,0.7393062,0.07597515,0.50056595,0.10009677,0.5314326
275,0.350734,0.73960906,0.07599145,0.5006003,0.100076474,0.53146315
276,0.34998423,0.75523126,0.075598866,0.47619742,0.034294896,0.7838447
277,0.35415065,0.74022406,0.08155368,0.48257554,0.049826957,0.5188168
278,0.36152315,0.7374761,0.08376013,0.6026579,0.044701286,0.36205944
279,0.35715693,0.75843143,0.06406297,0.5261175,0.051193386,0.5503151
280,0.36035174,0.74036163,0.08341819,0.58885777,0.09495624,0.38188314
281,0.35978335,0.739036,0.08276746,0.6170102,0.09549343,0.3714836
282,0.3584801,0.75875634,0.07349789,0.5288805,0.10180097,0.5520474
283,0.3520332,0.75378996,0.08382954,0.47403312,0.08827876,0.7325073
284,0.35530442,0.74338585,0.088436365,0.48579115,0.09900988,0.52141047
285,0.35295904,0.75858986,0.074028105,0.47441924,0.08590642,0.7837224
286,0.3558827,0.7438514,0.07885522,0.48314393,0.049586385,0.5192502
287,0.36590362,0.7407312,0.0994219,0.6144262,0.039469875,0.35032216
288,0.3527757,0.74488074,0.08107068,0.50074494,0.0012558326,0.53138494
289,0.35281593,0.7449673,0.081074044,0.50075734,0.0012483448,0.531395
290,0.35279894,0.74499744,0.081071466,0.500753,0.0012466684,0.5313928
291,0.35281843,0.745026,0.08107333,0.5007588,0.001244083,0.53139734
292,0.35285997,0.7451418,0.081076354,0.50077194,0.0012344494,0.53140855
293,0.3528002,0.74502677,0.08107112,0.50075376,0.0012446158,0.531394
294,0.35288197,0.7452291,0.0810775,0.5007793,0.0012275055,0.53141534
295,0.35290146,0.7452576,0.08107941,0.5007851,0.0012248568,0.5314198
296,0.35282218,0.745114,0.081072256,0.50076103,0.0012376457,0.53140074
297,0.35282093,0.74508464,0.08107263,0.5007603,0.001239758,0.5313996
298,0.35288072,0.74519974,0.08107786,0.50077856,0.0012296177,0.53141415
299,0.35288197,0.7452291,0.0810775,0.5007793,0.0012275055,0.53141534
300,0.35286242,0.7452006,0.08107561,0.5007735,0.0012301654,0.5314108
301,0.35288197,0.7452291,0.0810775,0.5007793,0.0012275055,0.53141534
302,0.35288197,0.7452291,0.0810775,0.5007793,0.0012275055,0.53141534
303,0.35290265,0.745287,0.08107902,0.5007859,0.0012226924,0.53142095
304,0.35290396,0.7453164,0.08107865,0.50078654,0.001220569,0.5314221
305,0.35292226,0.74531555,0.081080854,0.50079167,0.0012200065,0.5314254
306,0.3529417,0.74534416,0.08108275,0.5007975,0.0012173764,0.5314299
307,0.35294294,0.7453735,0.08108242,0.5007983,0.0012152232,0.531431
308,0.35296243,0.74540204,0.08108425,0.50080407,0.0012125708,0.5314355
309,0.35296243,0.74540204,0.08108425,0.50080407,0.0012125708,0.5314355
310,0.35298193,0.74543065,0.081086144,0.5008099,0.0012099259,0.53143996
311,0.35298193,0.74543065,0.081086144,0.5008099,0.0012099259,0.53143996
312,0.35300142,0.7454592,0.08108801,0.50081575,0.001207199,0.53144443
313,0.35300142,0.7454592,0.08108801,0.50081575,0.001207199,0.53144443
314,0.35302222,0.745517,0.0810896,0.5008223,0.0012024231,0.53145003
315,0.35302222,0.745517,0.0810896,0.5008223,0.0012024231,0.53145003
316,0.35302222,0.745517,0.0810896,0.5008223,0.0012024231,0.53145003
317,0.35307938,0.74557334,0.08109552,0.50083905,0.001196593,0.5314623
318,0.35308194,0.74563205,0.08109477,0.50084054,0.0011923127,0.5314646
319,0.35308194,0.74563205,0.08109477,0.50084054,0.0011923127,0.5314646
320,0.35312092,0.7456893,0.08109851,0.5008522,0.0011869669,0.5314735
321,0.35312092,0.7456893,0.08109851,0.5008522,0.0011869669,0.5314735
322,0.35320014,0.7458328,0.08110568,0.5008762,0.0011741593,0.53149253
323,0.35323912,0.7458899,0.08110939,0.50088793,0.0011688173,0.5315015
324,0.3534649,0.7458457,0.081552684,0.50033927,0.050597124,0.5313663
325,0.35352266,0.74598324,0.08155766,0.50034773,0.05058916,0.53137565
326,0.35371417,0.7463685,0.081575155,0.5003818,0.050564937,0.5314084
327,0.35384798,0.74661636,0.08158769,0.5004075,0.050548777,0.531432
328,0.3544793,0.7474064,0.082038805,0.5007012,0.09962792,0.53181696
329,0.3547086,0.7478195,0.08206044,0.5007462,0.09960059,0.53185755
330,0.35513067,0.7627638,0.07977109,0.47506827,0.08584512,0.7782772
331,0.358364,0.74861926,0.08492765,0.48364162,0.098476015,0.51996624
332,0.36302042,0.7493865,0.08223365,0.5777821,0.14402929,0.4016724
333,0.3603375,0.7591469,0.07078558,0.528477,0.1511991,0.55068326
334,0.35642785,0.7510207,0.076898575,0.5017586,0.1485011,0.5327039
335,0.35679203,0.7517637,0.0769317,0.5018226,0.14845473,0.532766
336,0.3570025,0.7603096,0.07879354,0.47549284,0.14089563,0.70510197
337,0.35303903,0.74630225,0.08311662,0.43969858,0.1959666,0.6584965
338,0.36042047,0.7547386,0.07883905,0.49163568,0.19673362,0.5259001
339,0.36780655,0.7514335,0.08720562,0.5905627,0.19298351,0.38710237
340,0.36520964,0.76694745,0.071301565,0.534542,0.2027309,0.55528367
341,0.35905588,0.75660634,0.07713434,0.50220126,0.14815891,0.53314614
342,0.35942036,0.7573769,0.07716705,0.50226307,0.14811158,0.5332076
343,0.35968864,0.7579272,0.07719144,0.5023099,0.14807731,0.5332533
344,0.36958647,0.7550615,0.09303911,0.59033585,0.19278154,0.3870707
345,0.36717695,0.7708464,0.077195555,0.53476405,0.20243797,0.5555888
346,0.36275494,0.77076656,0.08403666,0.4731316,0.19080251,0.7339698
347,0.36430174,0.7612235,0.08718036,0.48796892,0.19615027,0.5236274
348,0.37333626,0.7578209,0.10014838,0.5996583,0.19057548,0.37682092
349,0.3708744,0.7774605,0.07984944,0.54015,0.20271188,0.5593567
350,0.37259847,0.76065254,0.10184483,0.5901012,0.19245735,0.38712066
351,0.3705513,0.776918,0.08609238,0.5352468,0.2019949,0.5561514
352,0.36454874,0.766259,0.092314824,0.5020804,0.19673836,0.53368646
353,0.36504537,0.7671401,0.09236176,0.50217897,0.19667944,0.53377473
354,0.37927294,0.76410884,0.12435183,0.60395664,0.23714766,0.37315667
355,0.3753844,0.76517344,0.11973895,0.6162452,0.24203336,0.3836915
356,0.37627912,0.7839225,0.11225745,0.53770757,0.25257745,0.55863005
357,0.38165486,0.76625234,0.15540104,0.60563725,0.23729259,0.3636972
358,0.37835622,0.77085465,0.14570203,0.60952103,0.24167135,0.3902307
359,0.37930304,0.7844473,0.1420331,0.5307146,0.30229375,0.55477715
360,0.38651454,0.7697766,0.1881112,0.6060274,0.23857814,0.35589367
361,0.38192207,0.7904301,0.16574708,0.5227773,0.25155216,0.55139613
362,0.3869565,0.7727694,0.19554196,0.5921203,0.2895786,0.3740012
363,0.38404244,0.7865908,0.17919226,0.52925247,0.30113757,0.554256
364,0.3903191,0.7733175,0.21031098,0.5985152,0.23993897,0.3616876
365,0.38890493,0.7742212,0.21671094,0.61476123,0.28992608,0.37266707
366,0.38794917,0.7885353,0.2101696,0.52167904,0.30066288,0.5506819
367,0.3847857,0.7781956,0.21846734,0.49688447,0.34329146,0.53267753
368,0.3950246,0.7748685,0.24144794,0.5945441,0.28884265,0.36489153
369,0.39343488,0.7753175,0.24768274,0.6128867,0.28948092,0.36995345
370,0.3913989,0.78674436,0.24108465,0.5138929,0.30001324,0.54599607
371,0.3953973,0.7799125,0.25766367,0.5707035,0.28874576,0.39559
372,0.39144927,0.7805161,0.24926688,0.5142246,0.2979344,0.54496586
373,0.40174216,0.7740655,0.28514993,0.59582865,0.33759403,0.35893387
374,0.39617234,0.78318477,0.26769692,0.5130517,0.35031435,0.54556406
375,0.4035619,0.7741475,0.30115712,0.5926634,0.33742297,0.3608931
376,0.39764774,0.78067714,0.2849366,0.51046693,0.34969786,0.5438951
377,0.39674997,0.77408606,0.29416752,0.49436653,0.3431545,0.53183067
378,0.4060992,0.774549,0.31039345,0.58491296,0.3372744,0.37191352
379,0.40541315,0.7741432,0.31136674,0.60012096,0.33788088,0.38109517
380,0.4055949,0.77509654,0.31769526,0.59229136,0.33785558,0.39102167
381,0.40305573,0.77253795,0.3187282,0.51255864,0.34694183,0.54473406
382,0.40404457,0.7689616,0.3265069,0.49437588,0.34307617,0.5320659
383,0.41050386,0.77528393,0.3303113,0.5603595,0.3863894,0.40810704
384,0.40630054,0.7685791,0.32648236,0.50827354,0.39402518,0.5418361
385,0.40847665,0.7665018,0.3331644,0.49573904,0.3920709,0.53311306
386,0.41705495,0.7680656,0.34751743,0.5829344,0.38599566,0.37638983
387,0.41154456,0.76692605,0.3367659,0.5150181,0.39671946,0.5464337
388,0.41224194,0.7628778,0.3450809,0.4962843,0.3920348,0.5334963
389,0.41939616,0.76508456,0.34617978,0.5351398,0.4374074,0.46256375
390,0.41630715,0.75227064,0.3447848,0.49570316,0.4466771,0.62633806
391,0.42110163,0.7574747,0.3504601,0.49328202,0.44053876,0.5312971
392,0.421575,0.75644445,0.34666723,0.50025314,0.44083604,0.5360345
393,0.42324352,0.7552513,0.34688216,0.50094134,0.44077638,0.5364423
394,0.4223234,0.7466966,0.34626073,0.48651475,0.4932116,0.61245096
395,0.42808938,0.7532188,0.3485511,0.4970889,0.48941544,0.5337844
396,0.42970896,0.74184346,0.34436882,0.48944283,0.4929171,0.6142066
397,0.43555325,0.74831104,0.3466524,0.5004026,0.4891174,0.53573716
398,0.43380398,0.7393954,0.34196132,0.49930632,0.5416304,0.6128735
399,0.43959045,0.74630606,0.34441036,0.5028948,0.5380911,0.537441
400,0.44250697,0.74391,0.34154105,0.5097735,0.53824204,0.5420337
401,0.44258088,0.7279806,0.33871186,0.5032761,0.5447086,0.67145777
402,0.4510371,0.7405918,0.34290642,0.50395507,0.5865298,0.5378845
403,0.4516157,0.7391871,0.33730787,0.5153162,0.5869636,0.5453892
404,0.4551196,0.7271843,0.33607787,0.5158231,0.5896438,0.6165048
405,0.4613706,0.7343969,0.33874696,0.51294136,0.5863011,0.5436397
406,0.46274328,0.7319364,0.3358963,0.5279765,0.63565314,0.5523838
407,0.4674768,0.7292245,0.33649468,0.529921,0.63546145,0.55354756
408,0.46977878,0.7279231,0.33678555,0.5308643,0.6353677,0.5541126
409,0.4741454,0.7318023,0.33839297,0.5492801,0.63263357,0.49774253
410,0.4732998,0.72393703,0.33695966,0.54454285,0.6355032,0.5619885
411,0.4869368,0.71659523,0.34180838,0.54646516,0.6838653,0.56280625
412,0.48944247,0.71513027,0.34212542,0.54749846,0.68376476,0.5634239
413,0.49194682,0.71358246,0.3424433,0.54854244,0.6836672,0.5640454
414,0.49463862,0.7110077,0.34279978,0.55794835,0.73271954,0.56906617
415,0.49716097,0.7094048,0.3431204,0.5590058,0.73262256,0.5696945
416,0.49974018,0.70785785,0.3434472,0.5600746,0.7325205,0.57033217
417,0.5048267,0.7129262,0.3459797,0.5629809,0.7300232,0.51436317
418,0.51059246,0.70085925,0.34524536,0.57636845,0.7333075,0.5799564
419,0.5133856,0.69823265,0.34802967,0.57427436,0.78117085,0.57817817
420,0.51624256,0.69646764,0.34839225,0.57546526,0.78105927,0.5788872
421,0.5243649,0.69122297,0.34942573,0.5788816,0.7807498,0.5809146
422,0.5376516,0.69047976,0.3530575,0.5852066,0.77807707,0.53035784
423,0.54422516,0.6790224,0.35270244,0.59895045,0.7817221,0.59287506
424,0.5464596,0.67669505,0.3550725,0.5883997,0.7799327,0.58653533
425,0.54922265,0.67490137,0.35542423,0.58956313,0.7798277,0.5872255
426,0.55209625,0.6729983,0.35579026,0.59077823,0.7797199,0.5879452
427,0.5575092,0.6693545,0.35648072,0.59307504,0.7795186,0.589304
428,0.56038284,0.6674515,0.35684705,0.5942901,0.7794106,0.59002376
429,1.0026712,0.4149633,0.92114955,0.4579572,0.25487134,0.21891913
430,0.9871374,0.31909215,0.89626837,0.14114532,0.27506214,0.58902407
431,0.9920036,0.3782544,0.88322943,0.29654503,0.36098468,0.7020719
432,0.99104404,0.3954367,0.87686795,0.32468605,0.36307934,0.6166717
433,0.98456633,0.4172929,0.8689623,0.38755873,0.36008662,0.47094268
434,0.97668666,0.36791557,0.8466395,0.3459865,0.46426675,0.6882583
435,0.97608846,0.4288693,0.8558753,0.40886194,0.45648527,0.4847036
436,0.96350807,0.40098786,0.84171623,0.4330166,0.5097107,0.57600725
437,0.9620376,0.42299843,0.8450694,0.4476097,0.50681865,0.5010979
438,0.958776,0.41708636,0.8401836,0.46218204,0.5078049,0.5062686
439,0.9498123,0.42297024,0.840971,0.47298676,0.55643415,0.51252496
440,0.947964,0.424343,0.84093523,0.4728667,0.5564115,0.5124857
441,0.93816686,0.43072695,0.8417065,0.48362714,0.6050349,0.51873004
442,0.9318813,0.43528956,0.84158486,0.4832278,0.60496175,0.51860136
443,0.92975533,0.43682903,0.84154373,0.48309296,0.6049371,0.518558
444,0.92559546,0.4398262,0.8414633,0.48283052,0.6048894,0.5184739
445,0.9189963,0.4438746,0.84229666,0.4937954,0.65355057,0.5247845
446,0.9166669,0.44555205,0.8422516,0.49364847,0.6535238,0.5247375
447,0.9144108,0.44714838,0.8422081,0.49350852,0.6534991,0.52469325
448,0.89130414,0.4632591,0.84272164,0.5034178,0.7019649,0.530662
449,0.888882,0.46499205,0.84267503,0.503266,0.7019378,0.53061366
450,0.88634944,0.4668334,0.8426259,0.50310475,0.701908,0.5305616
451,0.871027,0.47738725,0.84329,0.5135009,0.7504613,0.5366852
452,0.8682917,0.4794188,0.84323704,0.51332325,0.7504277,0.53662705
453,0.86562955,0.48134333,0.84318554,0.51315475,0.750397,0.5365729
454,0.8631521,0.48313046,0.84313774,0.5129982,0.7503685,0.5365227
455,0.8604898,0.4850549,0.843086,0.5128297,0.75033784,0.5364686
456,0.85507244,0.48893327,0.8429813,0.51249,0.7502766,0.53636026
457,0.8523013,0.4902839,0.84388876,0.52369136,0.7989795,0.5427453
458,0.84967566,0.49215478,0.8438379,0.5235274,0.7989501,0.54269326
459,0.84699446,0.4948405,0.84282494,0.51197296,0.7501809,0.53619283
460,0.84435064,0.49673814,0.8427739,0.5118067,0.75015086,0.5361397
461,0.84181905,0.49865788,0.8427246,0.51163906,0.75011814,0.53608394
462,0.8391012,0.5006106,0.8426721,0.51146805,0.7500874,0.53602934
463,0.83383465,0.50380135,0.84353095,0.5225085,0.7987601,0.54236174
464,0.830913,0.50586575,0.8434746,0.52232754,0.79872817,0.54230475
465,0.82823217,0.5077908,0.84342265,0.5221589,0.7986976,0.5422509
466,0.82536644,0.50985324,0.8433674,0.5219783,0.7986649,0.542193
467,0.8225009,0.5119157,0.84331197,0.52179766,0.7986321,0.54213524
468,0.82222813,0.52084845,0.8466036,0.5268554,0.79583514,0.49127087
469,0.8161939,0.51116997,0.842582,0.53022206,0.79936576,0.54490805
470,0.8142856,0.5174374,0.8466543,0.53181636,0.8474049,0.54788417
471,0.8115129,0.51947033,0.8466007,0.53163844,0.8473719,0.5478264
472,0.8089966,0.5219411,0.84559125,0.52010244,0.7986078,0.54133403
473,0.80616826,0.52400213,0.8455365,0.5199221,0.79857457,0.54127574
474,0.8011379,0.51910037,0.8421417,0.5145121,0.8013031,0.5920227
475,0.80162597,0.53279257,0.8460561,0.5107941,0.7977083,0.5382726
476,0.79780805,0.5302028,0.8428332,0.5201983,0.7983311,0.54161215
477,0.7950353,0.5322357,0.8427794,0.52002037,0.7982979,0.5415544
478,0.7923182,0.5342406,0.8427268,0.519845,0.79826516,0.5414972
479,0.7895082,0.5362749,0.8426725,0.51966685,0.7982326,0.54143995
480,0.78901273,0.545294,0.84595984,0.52471673,0.79543585,0.49057466
481,0.7829049,0.53569657,0.84193677,0.5280764,0.7989645,0.544209
482,0.7811234,0.54248494,0.84505117,0.51830524,0.79827166,0.54074836
483,0.77836895,0.544491,0.8449978,0.5181297,0.7982393,0.5406916
484,0.7755593,0.54655147,0.8449433,0.51794946,0.7982058,0.5406331
485,0.7728052,0.5485838,0.84488994,0.51777166,0.79817253,0.54057515
486,0.76999825,0.55004025,0.8457963,0.5289641,0.8468719,0.54695547
487,0.7672438,0.5520465,0.84574294,0.5287885,0.8468397,0.5468987
488,0.7644167,0.55418587,0.8456882,0.52860165,0.8468034,0.5468367
489,0.75318074,0.5626103,0.84546995,0.52786523,0.8466628,0.54659355
490,0.75027925,0.56477857,0.8454137,0.5276756,0.84662664,0.54653114
491,0.74719346,0.56711024,0.8453539,0.5274719,0.8465874,0.54646355
492,0.7384154,0.57369596,0.8451834,0.5268963,0.84647727,0.5462735
493,0.7354042,0.57602495,0.845125,0.526693,0.846437,0.5462048
494,0.7296569,0.5803333,0.8450134,0.5263164,0.846365,0.5460806
495,0.7267737,0.58247477,0.8449575,0.5261291,0.8463297,0.54601914
496,0.72396475,0.5845874,0.844903,0.5259445,0.84629416,0.5459581
497,0.71803266,0.589033,0.8447877,0.52555585,0.8462201,0.5458299
498,0.71507555,0.5912294,0.8447306,0.52536386,0.84618384,0.54576695
499,0.71226823,0.5934465,0.8446757,0.52517045,0.84614456,0.5457007
500,0.7093297,0.5956422,0.84461886,0.5249785,0.84610796,0.5456376
501,0.7064279,0.5977843,0.8445627,0.5247911,0.84607285,0.5455764
502,0.7003897,0.6118391,0.84678113,0.518082,0.7944633,0.48813888
503,0.6940814,0.6018019,0.8437148,0.53280014,0.8467221,0.54820716
504,0.6921517,0.6086739,0.8468261,0.5230216,0.84602857,0.5447446
505,0.6870114,0.60432416,0.8434716,0.51793355,0.8485931,0.59269017
506,0.68711436,0.6175582,0.8471612,0.51439595,0.8451925,0.5419198
507,0.6855716,0.62195766,0.84741217,0.5281477,0.84317064,0.4970523
508,0.6796665,0.61311233,0.8436098,0.5313019,0.84649694,0.5476953
509,0.675295,0.6134749,0.842241,0.5054445,0.7998673,0.58878565
510,0.6758578,0.6271645,0.8461565,0.5017269,0.7962717,0.5350345
511,0.67203975,0.62457484,0.84293354,0.51113105,0.7968944,0.538374
512,0.66936004,0.6265783,0.8428816,0.5109559,0.796861,0.53831637
513,0.66873646,0.635785,0.84616625,0.5159898,0.7940592,0.4874438
514,0.66257465,0.6263202,0.84214216,0.5193382,0.7975837,0.54107255
515,0.6607195,0.63318956,0.8452547,0.5095601,0.7968891,0.53760904
516,0.65800375,0.6352728,0.84520197,0.5093782,0.79685336,0.537548
517,0.65278906,0.63053435,0.8418037,0.5039541,0.7995787,0.58828974
518,0.65309227,0.64436394,0.8457143,0.5002241,0.7959815,0.53453577
519,0.6494965,0.64163554,0.8424958,0.50964046,0.7966061,0.53787863
520,0.64668757,0.64374816,0.8424413,0.5094558,0.7965707,0.5378176
521,0.64402586,0.6456989,0.8423896,0.50928515,0.79653895,0.5377622
522,0.6412718,0.6477312,0.8423361,0.50910735,0.7965057,0.5377042
523,0.638519,0.6498418,0.84228283,0.50892305,0.7964694,0.5376424
524,0.6356371,0.6520617,0.8422267,0.5087292,0.7964313,0.5375772
525,0.6329386,0.65406585,0.8421744,0.508554,0.79639804,0.5375198
526,0.63033104,0.6566705,0.841163,0.49700654,0.74763066,0.5310222
527,0.6275961,0.6587283,0.84110993,0.4968267,0.74759614,0.5309627
528,0.6249153,0.6606535,0.8410581,0.4966581,0.7475657,0.5309088
529,0.6223274,0.6625492,0.8410079,0.4964922,0.7475348,0.53085506
530,0.61975795,0.66441816,0.8409584,0.4963286,0.7475048,0.53080225
531,0.6148946,0.6587842,0.8375199,0.49056745,0.75042063,0.5846941
532,0.61582726,0.6730117,0.84168625,0.48664546,0.74660736,0.5276028
533,0.6121351,0.66993916,0.8382697,0.49666363,0.7472751,0.5311607
534,0.6094912,0.67183685,0.8382185,0.49649745,0.74724513,0.5311077
535,0.6068474,0.6737345,0.83816737,0.49633121,0.7472151,0.5310546
536,0.60162777,0.6680088,0.8347231,0.49057657,0.7501395,0.58495617
537,0.6024479,0.68221414,0.83888733,0.48665613,0.7463286,0.5278677
538,0.5964408,0.6714565,0.8320822,0.4910919,0.74994934,0.58537936
539,0.59720486,0.6856638,0.8362457,0.4871711,0.74613917,0.5282916
540,0.59101176,0.6749652,0.82943714,0.4916014,0.7497605,0.58580315
541,0.5917917,0.6890065,0.8335224,0.4874586,0.7459913,0.52852863
542,0.5856357,0.6782629,0.8267933,0.4921286,0.74957854,0.5862365
543,0.5838145,0.6934457,0.8304775,0.4868285,0.7459642,0.52807516
544,0.57757205,0.68309814,0.8230844,0.4807315,0.7008531,0.58373463
545,0.5759496,0.68951964,0.8248922,0.48177308,0.7485852,0.582786
546,0.57558084,0.6974123,0.8248107,0.48682415,0.7458514,0.52797145
547,0.56942075,0.6874052,0.81784815,0.48198456,0.70053405,0.5846738
548,0.56521994,0.695192,0.8185588,0.4710139,0.69974273,0.5807122
549,0.5652602,0.7034301,0.8185261,0.47515458,0.69687825,0.5215646
550,0.56155676,0.70072216,0.81601596,0.489169,0.6970598,0.52811545
551,0.5535318,0.69535947,0.8124663,0.48291004,0.7001965,0.5855504
552,0.546429,0.7030935,0.81222624,0.46924305,0.6998528,0.5794133
553,0.54652244,0.7111432,0.8121915,0.47338963,0.6969962,0.5202658
554,0.54278153,0.709328,0.81058156,0.4900313,0.6967411,0.529003
555,0.54035944,0.719599,0.813877,0.49567616,0.6936059,0.47134152
556,0.5339384,0.707809,0.8093888,0.4997326,0.69760275,0.5322698
557,0.5299139,0.71561927,0.8128803,0.4886492,0.6968433,0.52837384
558,0.53217715,0.73050076,0.8185447,0.4963187,0.69164,0.42174965
559,0.52565783,0.71709853,0.8148231,0.51241714,0.6952795,0.4767537
560,0.521265,0.71501666,0.8167714,0.49663788,0.6979512,0.5305652
561,0.52258444,0.729072,0.82319677,0.49003798,0.69431615,0.4678338
562,0.5164934,0.7179092,0.8192214,0.4955638,0.69805753,0.5299813
563,0.51506823,0.72539437,0.82180023,0.47319305,0.6485603,0.5196532
564,0.5150494,0.74253845,0.8274112,0.48114878,0.6430453,0.40684366
565,0.50397056,0.73153967,0.82330173,0.49816066,0.6467743,0.46429378
566,0.50239146,0.73779815,0.8288196,0.4880296,0.64626026,0.46048394
567,0.49723595,0.73093957,0.8278035,0.4805572,0.6497591,0.5214198
568,0.49611336,0.7382668,0.8315998,0.46878862,0.64893657,0.51725245
569,0.4913752,0.7413911,0.83134466,0.46802264,0.64896643,0.5167656
570,0.4873972,0.7535096,0.83370066,0.47113562,0.6460127,0.45265853
571,0.4783978,0.73382145,0.8265232,0.4722312,0.65310544,0.5820849
572,0.4811185,0.75222945,0.8308081,0.4350257,0.60087574,0.49824458
573,0.4807548,0.75801766,0.83334553,0.47006023,0.6460483,0.45197722
574,0.47462672,0.74767,0.8289468,0.46695298,0.60091406,0.514018
575,0.4735905,0.75463474,0.83246726,0.4543822,0.6002282,0.50917995
576,0.4694085,0.757448,0.83224314,0.4537047,0.60025203,0.50875014
577,0.4672252,0.75893354,0.83212644,0.45335132,0.60026366,0.5085263
578,0.4649859,0.7604174,0.8320056,0.4529882,0.60027754,0.5082954
579,0.46295017,0.76177126,0.83189595,0.4526581,0.6002898,0.5080856
580,0.4609332,0.7631257,0.83178777,0.4523313,0.6003014,0.5078783
581,0.4587682,0.76458454,0.8316718,0.45198065,0.60031366,0.50765586
582,0.45296788,0.76977617,0.8308496,0.4409604,0.55138636,0.5017008
583,0.45098788,0.7711045,0.8307433,0.44063962,0.5513979,0.50149715
584,0.44915706,0.7724099,0.83064735,0.44034433,0.5514045,0.5013116
585,0.44736195,0.7736078,0.83055097,0.44005334,0.55141526,0.50112677
586,0.44550145,0.7760334,0.82993615,0.42966935,0.5024715,0.4955726
587,0.44378072,0.77720624,0.8298443,0.42939085,0.5024805,0.49539632
588,0.44204134,0.77837867,0.82975125,0.4291091,0.5024903,0.4952176
589,0.44033855,0.7794976,0.8296591,0.42883277,0.5025013,0.49504167
590,0.4388308,0.78177065,0.82906586,0.4185074,0.45355123,0.4895267
591,0.43725812,0.78283894,0.8289822,0.41825283,0.45355967,0.48936546
592,0.43563014,0.7839601,0.8288954,0.41798955,0.4535675,0.489199
593,0.43409443,0.7850023,0.8288135,0.41774094,0.45357585,0.48904154
594,0.43254077,0.78609854,0.8287317,0.41749012,0.453582,0.4888836
595,0.43103057,0.7882262,0.8280785,0.40699577,0.40466443,0.4832263
596,0.42956877,0.7891933,0.8280503,0.40691072,0.4046508,0.4832009
597,0.4281072,0.79018867,0.82797694,0.4066881,0.40465644,0.48306268
598,0.42672062,0.791208,0.8279053,0.40646505,0.4046599,0.4829232
599,0.42537016,0.79214704,0.827834,0.40624684,0.40466595,0.48278546
600,0.42394692,0.7939181,0.82698053,0.3951774,0.35585073,0.476645
601,0.4227268,0.79479784,0.8269571,0.39510033,0.35583672,0.47662032
602,0.42148834,0.7957046,0.826933,0.39502096,0.35582194,0.4765945
603,0.42023122,0.79661196,0.8269088,0.39494154,0.35580748,0.47656906
604,0.42390716,0.8102597,0.82979655,0.4027487,0.35060513,0.3698478
605,0.4151426,0.7935497,0.8212903,0.38403815,0.3065498,0.4669922
606,0.41919386,0.7999346,0.8238546,0.39423257,0.30366802,0.60059786
607,0.41786718,0.8049603,0.8274082,0.34460697,0.30831614,0.44836438
608,0.41490507,0.80111706,0.82584494,0.3832274,0.30701098,0.4700194
609,0.41415352,0.802932,0.8248603,0.37246984,0.25798792,0.46397093
610,0.41327274,0.8036589,0.8248414,0.3725565,0.2579209,0.4640401
611,0.41244668,0.80438113,0.8248235,0.37263912,0.2578548,0.46410587
612,0.41515827,0.80753523,0.8199361,0.38884783,0.25250873,0.61416185
613,0.41203356,0.8118934,0.82360816,0.31890136,0.21052152,0.43443325
614,0.41043824,0.8096803,0.82123333,0.36550784,0.2074731,0.46031266
615,0.40973175,0.8102227,0.8212183,0.3655761,0.20742238,0.46036726
616,0.4095025,0.813969,0.8202073,0.3575064,0.15730324,0.4559538
617,0.40899253,0.8144092,0.8201963,0.35755724,0.15726289,0.4559943
618,0.40835768,0.81491697,0.8201825,0.35761917,0.15721577,0.45604384
619,0.40786457,0.8153276,0.82017213,0.35766783,0.15717793,0.45608264
620,0.40740675,0.8157066,0.8201622,0.35771292,0.15714297,0.45611858
621,0.40533423,0.8122453,0.8171511,0.3579551,0.115640305,0.45243764
622,0.40501803,0.8124911,0.81714284,0.35802805,0.11562588,0.45248097
623,0.4092021,0.8260328,0.82005256,0.43568444,0.10140351,0.28203845
624,0.40645283,0.7840616,0.79686475,0.31810915,0.07650593,0.66820455
625,0.39988005,0.7978212,0.8153135,0.32272393,0.090803005,0.4231364
626,0.4087534,0.78745884,0.80542374,0.37196246,0.0878805,0.6978971
627,0.39963907,0.7980714,0.81273466,0.3235101,0.09047549,0.42366263
628,0.39967585,0.8024707,0.8075164,0.37040514,0.0339472,0.450482
629,0.39948273,0.8026489,0.80751026,0.37045562,0.03393913,0.45051017
630,0.39948273,0.8026489,0.80751026,0.37045562,0.03393913,0.45051017
631,0.3994655,0.80270237,0.8075085,0.3704641,0.03393946,0.45051312
632,0.3995009,0.802698,0.8075087,0.3704579,0.033941694,0.4505083
633,0.39955342,0.8026401,0.8075106,0.37044317,0.033943616,0.45050052
634,0.39943045,0.80273247,0.8075075,0.3704731,0.033937983,0.45051822
635,0.3994655,0.80270237,0.8075085,0.3704641,0.03393946,0.45051312
636,0.39936012,0.8027926,0.8075055,0.37049094,0.0339349,0.45052847
637,0.39934248,0.8027949,0.80750537,0.37049407,0.033933766,0.4505309
638,0.39941293,0.80276036,0.80750644,0.3704789,0.03393755,0.4505209
639,0.39939547,0.80278826,0.8075056,0.3704847,0.033937164,0.45052359
640,0.39937776,0.8027904,0.8075055,0.3704878,0.033936076,0.450526
641,0.39937776,0.8027904,0.8075055,0.3704878,0.033936076,0.450526
642,0.39937776,0.8027904,0.8075055,0.3704878,0.033936076,0.450526
643,0.39937776,0.8027904,0.8075055,0.3704878,0.033936076,0.450526
644,0.39937776,0.8027904,0.8075055,0.3704878,0.033936076,0.450526
645,0.39939547,0.80278826,0.8075056,0.3704847,0.033937164,0.45052359
646,0.39939547,0.80278826,0.8075056,0.3704847,0.033937164,0.45052359
647,0.3993957,0.8028138,0.8075046,0.3704874,0.033937834,0.45052385
648,0.3993957,0.8028138,0.8075046,0.3704874,0.033937834,0.45052385
649,0.39936036,0.80281824,0.8075044,0.37049362,0.033935644,0.4505287
650,0.3993429,0.8028462,0.80750364,0.37049943,0.03393522,0.4505314
651,0.3993429,0.8028462,0.80750364,0.37049943,0.03393522,0.4505314
652,0.3993252,0.8028484,0.8075034,0.3705026,0.033934064,0.4505338
653,0.39936036,0.80281824,0.8075044,0.37049362,0.033935644,0.4505287
654,0.39936036,0.80281824,0.8075044,0.37049362,0.033935644,0.4505287
655,0.3993252,0.8028484,0.8075034,0.3705026,0.033934064,0.4505338
656,0.3993078,0.80287623,0.8075025,0.37050843,0.03393373,0.45053652
657,0.3993076,0.80285054,0.8075033,0.3705057,0.033933,0.45053625
658,0.3993076,0.80285054,0.8075033,0.3705057,0.033933,0.45053625
659,0.3993076,0.80285054,0.8075033,0.3705057,0.033933,0.45053625
660,0.39929014,0.80287844,0.8075024,0.37051153,0.033932567,0.4505389
661,0.39930797,0.80290174,0.8075017,0.37051105,0.033934407,0.45053673
662,0.3992905,0.8029297,0.8075009,0.3705169,0.033933967,0.45053938
663,0.3992905,0.8029297,0.8075009,0.3705169,0.033933967,0.45053938
664,0.3992908,0.80295527,0.8074998,0.37051958,0.033934742,0.45053968
665,0.3992731,0.8029575,0.8074998,0.37052268,0.033933617,0.4505421
666,0.39925587,0.803011,0.80749816,0.3705312,0.03393396,0.45054498
667,0.39923817,0.8030132,0.80749774,0.3705343,0.033932798,0.45054743
668,0.39925587,0.803011,0.80749816,0.3705312,0.03393396,0.45054498
669,0.39925587,0.803011,0.80749816,0.3705312,0.03393396,0.45054498
670,0.39925587,0.803011,0.80749816,0.3705312,0.03393396,0.45054498
671,0.3992384,0.80303895,0.8074971,0.37053704,0.033933505,0.4505477
672,0.3992207,0.80304104,0.80749696,0.37054014,0.03393241,0.45055014
673,0.399221,0.8030668,0.8074962,0.37054282,0.033933125,0.4505504
674,0.399221,0.8030668,0.8074962,0.37054282,0.033933125,0.4505504
675,0.39918578,0.8030968,0.807495,0.37055176,0.033931598,0.45055547
676,0.39918578,0.8030968,0.807495,0.37055176,0.033931598,0.45055547
677,0.39916813,0.803099,0.8074949,0.37055492,0.033930443,0.4505579
678,0.39915043,0.80310124,0.8074947,0.37055802,0.033929363,0.4505603
679,0.3991679,0.8030734,0.8074959,0.37055218,0.033929765,0.4505576
680,0.3991679,0.8030734,0.8074959,0.37055218,0.033929765,0.4505576
681,0.39913255,0.8030778,0.80749565,0.37055847,0.03392753,0.45056254
682,0.3991328,0.80310357,0.8074947,0.37056115,0.03392823,0.45056278
683,0.3991328,0.80310357,0.8074947,0.37056115,0.03392823,0.45056278
684,0.39909738,0.8031079,0.80749446,0.37056738,0.033925988,0.4505676
685,0.39907992,0.80313563,0.8074937,0.3705732,0.033925585,0.4505703
686,0.39907992,0.80313563,0.8074937,0.3705732,0.033925585,0.4505703
687,0.39907968,0.8031102,0.80749446,0.3705705,0.033924825,0.45057005
688,0.39907968,0.8031102,0.80749446,0.3705705,0.033924825,0.45057005
689,0.3990444,0.80311465,0.80749434,0.37057677,0.033922665,0.45057493
690,0.39902687,0.8031424,0.80749327,0.37058258,0.033922233,0.45057756
691,0.39902687,0.8031424,0.80749327,0.37058258,0.033922233,0.45057756
692,0.39900947,0.80317026,0.8074925,0.3705884,0.033921815,0.45058024
693,0.39899182,0.80317247,0.8074923,0.37059152,0.033920713,0.45058274
694,0.39899182,0.80317247,0.8074923,0.37059152,0.033920713,0.45058274
695,0.3989743,0.80320036,0.8074914,0.3705973,0.033920236,0.45058534
696,0.39895684,0.8032282,0.8074905,0.37060314,0.03391988,0.45058802
697,0.39895684,0.8032282,0.8074905,0.37060314,0.03391988,0.45058802
698,0.39892173,0.80325824,0.80748945,0.37061208,0.03391839,0.4505931
699,0.39890426,0.80328614,0.8074883,0.37061787,0.03391794,0.4505958
700,0.39890426,0.80328614,0.8074883,0.37061787,0.03391794,0.4505958
701,0.39886916,0.80331624,0.8074875,0.3706268,0.033916414,0.4506009
702,0.39886916,0.80331624,0.8074875,0.3706268,0.033916414,0.4506009
703,0.39886916,0.80331624,0.8074875,0.3706268,0.033916414,0.4506009
704,0.39881676,0.8033997,0.80748445,0.37064427,0.03391523,0.4506089
705,0.39883447,0.8033975,0.8074847,0.37064117,0.03391639,0.45060652
706,0.39883447,0.8033975,0.8074847,0.37064117,0.03391639,0.45060652
707,0.3987996,0.8034532,0.80748266,0.37065274,0.0339156,0.45061192
708,0.3987996,0.8034532,0.80748266,0.37065274,0.0339156,0.45061192
709,0.3987996,0.8034532,0.80748266,0.37065274,0.0339156,0.45061192
710,0.39878184,0.80345553,0.8074827,0.3706559,0.033914432,0.4506143
711,0.3987822,0.803481,0.8074817,0.37065858,0.03391514,0.45061457
712,0.3987822,0.803481,0.8074817,0.37065858,0.03391514,0.45061457
713,0.39874697,0.80351114,0.80748063,0.37066752,0.03391362,0.45061964
714,0.39874697,0.80351114,0.80748063,0.37066752,0.03391362,0.45061964
715,0.39871234,0.80359244,0.807478,0.37068182,0.033913583,0.45062524
716,0.39871234,0.80359244,0.807478,0.37068182,0.033913583,0.45062524
717,0.39871234,0.80359244,0.807478,0.37068182,0.033913583,0.45062524
718,0.3986774,0.8036482,0.80747604,0.37069348,0.033912763,0.4506306
719,0.3986597,0.80365044,0.8074759,0.3706966,0.033911623,0.45063308
720,0.39864206,0.8036526,0.8074759,0.37069967,0.033910528,0.45063546
721,0.3986597,0.80365044,0.8074759,0.3706966,0.033911623,0.45063308
722,0.3986597,0.80365044,0.8074759,0.3706966,0.033911623,0.45063308
723,0.3986597,0.80365044,0.8074759,0.3706966,0.033911623,0.45063308
724,0.39862484,0.80370605,0.8074739,0.37070823,0.033910803,0.4506384
725,0.39862484,0.80370605,0.8074739,0.37070823,0.033910803,0.4506384
726,0.39862502,0.8037318,0.807473,0.37071088,0.033911556,0.45063862
727,0.39862502,0.8037318,0.807473,0.37071088,0.033911556,0.45063862
728,0.3985724,0.8037897,0.8074713,0.37072563,0.03390962,0.45064643
729,0.3985724,0.8037897,0.8074713,0.37072563,0.03390962,0.45064643
730,0.39857268,0.80381525,0.8074704,0.3707283,0.03391035,0.45064667
731,0.39857268,0.80381525,0.8074704,0.3707283,0.03391035,0.45064667
732,0.39853746,0.8038454,0.8074693,0.37073725,0.03390885,0.45065176
733,0.39853776,0.80387104,0.80746835,0.37073994,0.03390953,0.450652
734,0.39852005,0.80387324,0.80746835,0.3707431,0.03390844,0.45065448
735,0.39852005,0.80387324,0.80746835,0.3707431,0.03390844,0.45065448
736,0.39852005,0.80387324,0.80746835,0.3707431,0.03390844,0.45065448
737,0.39848495,0.80390316,0.8074673,0.37075198,0.033906892,0.45065954
738,0.39848512,0.803929,0.80746645,0.37075472,0.033907622,0.4506598
739,0.39846742,0.8039311,0.8074663,0.37075782,0.033906512,0.45066223
740,0.39848495,0.80390316,0.8074673,0.37075198,0.033906892,0.45065954
741,0.39846724,0.80390567,0.80746716,0.37075514,0.033905774,0.45066202
742,0.39846742,0.8039311,0.8074663,0.37075782,0.033906512,0.45066223
743,0.3984323,0.8039613,0.8074654,0.37076676,0.03390494,0.45066735
744,0.3984326,0.8039869,0.8074644,0.37076944,0.03390564,0.4506676
745,0.3984326,0.8039869,0.8074644,0.37076944,0.03390564,0.4506676
746,0.3984326,0.8039869,0.8074644,0.37076944,0.03390564,0.4506676
747,0.3983974,0.8040169,0.8074635,0.37077838,0.03390418,0.45067266
748,0.3983974,0.8040169,0.8074635,0.37077838,0.03390418,0.45067266
749,0.39838022,0.8040704,0.8074615,0.37078688,0.033904485,0.45067564
750,0.39838022,0.8040704,0.8074615,0.37078688,0.033904485,0.45067564
751,0.39834505,0.8041005,0.80746055,0.3707958,0.033902988,0.4506807
752,0.39834505,0.8041005,0.80746055,0.3707958,0.033902988,0.4506807
753,0.3983453,0.80412614,0.8074596,0.3707985,0.033903666,0.45068097
754,0.3983453,0.80412614,0.8074596,0.3707985,0.033903666,0.45068097
755,0.39832813,0.80417967,0.80745786,0.37080702,0.033903994,0.45068392
756,0.39832813,0.80417967,0.80745786,0.37080702,0.033903994,0.45068392
757,0.39832813,0.80417967,0.80745786,0.37080702,0.033903994,0.45068392
758,0.39832813,0.80417967,0.80745786,0.37080702,0.033903994,0.45068392
759,0.39829314,0.8042354,0.8074562,0.37081864,0.033903226,0.4506892
760,0.39829344,0.80426097,0.807455,0.3708213,0.03390391,0.45068952
761,0.39825827,0.80429107,0.80745405,0.37083024,0.033902414,0.45069456
762,0.39825827,0.80429107,0.80745405,0.37083024,0.033902414,0.45069456
763,0.3982585,0.80431664,0.8074533,0.37083295,0.033903122,0.45069483
764,0.3982585,0.80431664,0.8074533,0.37083295,0.033903122,0.45069483
765,0.39824128,0.8043702,0.80745137,0.37084144,0.033903465,0.45069778
766,0.39824128,0.8043702,0.80745137,0.37084144,0.033903465,0.45069778
767,0.3982061,0.8044002,0.80745053,0.37085038,0.033901915,0.45070285
768,0.3982064,0.8044258,0.80744946,0.37085307,0.033902645,0.45070314
769,0.39818865,0.8044281,0.80744946,0.37085623,0.033901542,0.4507056
770,0.39818865,0.8044281,0.80744946,0.37085623,0.033901542,0.4507056
771,0.3981536,0.80445814,0.8074484,0.37086517,0.033899993,0.45071068
772,0.3981536,0.80445814,0.8074484,0.37086517,0.033899993,0.45071068
773,0.39817148,0.8044815,0.8074476,0.37086475,0.033901833,0.4507085
774,0.39817148,0.8044815,0.8074476,0.37086475,0.033901833,0.4507085
775,0.39813632,0.8045116,0.80744654,0.3708736,0.033900343,0.4507136
776,0.39813632,0.8045116,0.80744654,0.3708736,0.033900343,0.4507136
777,0.39813632,0.8045116,0.80744654,0.3708736,0.033900343,0.4507136
778,0.39813662,0.8045372,0.8074457,0.37087634,0.03390105,0.45071384
779,0.3981189,0.80453944,0.8074456,0.37087947,0.03389991,0.4507163
780,0.3981189,0.80453944,0.8074456,0.37087947,0.03389991,0.4507163
781,0.3981014,0.80456734,0.8074447,0.37088528,0.033899523,0.45071894
782,0.3981014,0.80456734,0.8074447,0.37088528,0.033899523,0.45071894
783,0.39806658,0.8046229,0.8074427,0.37089688,0.03389872,0.4507243
784,0.39806682,0.8046487,0.80744195,0.37089956,0.033899456,0.45072454
785,0.39806682,0.8046487,0.80744195,0.37089956,0.033899456,0.45072454
786,0.3980139,0.80468106,0.80744076,0.37091166,0.03389676,0.45073208
787,0.39801413,0.8047065,0.80743986,0.37091434,0.033897497,0.45073232
788,0.39799666,0.8047344,0.807439,0.37092015,0.033897124,0.450735
789,0.39797902,0.8047367,0.8074389,0.37092328,0.033895962,0.45073742
790,0.39799666,0.8047344,0.807439,0.37092015,0.033897124,0.450735
791,0.39799666,0.8047344,0.807439,0.37092015,0.033897124,0.450735
792,0.39796138,0.8047389,0.8074388,0.37092638,0.03389486,0.45073983
793,0.39796138,0.8047389,0.8074388,0.37092638,0.03389486,0.45073983
794,0.39794385,0.8047669,0.8074379,0.37093222,0.033894457,0.45074254
795,0.39794385,0.8047669,0.8074379,0.37093222,0.033894457,0.45074254
796,0.39794385,0.8047669,0.8074379,0.37093222,0.033894457,0.45074254
797,0.39794385,0.8047669,0.8074379,0.37093222,0.033894457,0.45074254
798,0.39792627,0.8047689,0.80743766,0.37093532,0.033893377,0.450745
799,0.39792627,0.8047689,0.80743766,0.37093532,0.033893377,0.450745
800,0.39790857,0.8047712,0.8074376,0.37093848,0.033892244,0.45074737
801,0.39789087,0.8047734,0.8074376,0.37094158,0.033891045,0.4507498
802,0.39787334,0.8048012,0.8074368,0.37094736,0.033890665,0.45075247
803,0.39787334,0.8048012,0.8074368,0.37094736,0.033890665,0.45075247
804,0.39783847,0.80485696,0.8074347,0.370959,0.033889905,0.45075786
805,0.39783823,0.8048314,0.8074355,0.3709563,0.033889167,0.45075756
806,0.39783823,0.8048314,0.8074355,0.3709563,0.033889167,0.45075756
807,0.39783823,0.8048314,0.8074355,0.3709563,0.033889167,0.45075756
808,0.39780337,0.804887,0.80743366,0.37096798,0.033888355,0.45076296
809,0.39778566,0.80488926,0.8074336,0.37097108,0.033887252,0.45076543
810,0.39783823,0.8048314,0.8074355,0.3709563,0.033889167,0.45075756
811,0.39783806,0.8048057,0.8074365,0.37095365,0.03388843,0.45075732
812,0.39778525,0.804838,0.8074352,0.37096572,0.033885755,0.4507649
813,0.39778525,0.804838,0.8074352,0.37096572,0.033885755,0.4507649
814,0.39778525,0.804838,0.8074352,0.37096572,0.033885755,0.4507649
815,0.39778525,0.804838,0.8074352,0.37096572,0.033885755,0.4507649
816,0.39778525,0.804838,0.8074352,0.37096572,0.033885755,0.4507649
817,0.39778525,0.804838,0.8074352,0.37096572,0.033885755,0.4507649
818,0.39776754,0.8048402,0.8074352,0.37096882,0.033884667,0.45076734
819,0.39776754,0.8048402,0.8074352,0.37096882,0.033884667,0.45076734
820,0.39774984,0.8048425,0.8074352,0.37097195,0.033883534,0.45076978
821,0.39774984,0.8048425,0.8074352,0.37097195,0.033883534,0.45076978
822,0.39771444,0.8048469,0.807435,0.37097824,0.033881314,0.4507746
823,0.39771444,0.8048469,0.807435,0.37097824,0.033881314,0.4507746
824,0.39773214,0.8048447,0.8074351,0.37097508,0.03388244,0.45077217
825,0.39773214,0.8048447,0.8074351,0.37097508,0.03388244,0.45077217
826,0.39771426,0.8048212,0.8074358,0.37097552,0.03388059,0.45077437
827,0.39771426,0.8048212,0.8074358,0.37097552,0.03388059,0.45077437
828,0.39769655,0.8048235,0.80743563,0.37097862,0.033879466,0.45077676
829,0.39769655,0.8048235,0.80743563,0.37097862,0.033879466,0.45077676
830,0.39766115,0.804828,0.8074355,0.3709849,0.033877224,0.45078164
831,0.39766115,0.804828,0.8074355,0.3709849,0.033877224,0.45078164
832,0.3976437,0.80485576,0.8074346,0.37099072,0.03387686,0.45078433
833,0.39764398,0.8048815,0.8074338,0.3709934,0.033877537,0.45078456
834,0.3976437,0.80485576,0.8074346,0.37099072,0.03387686,0.45078433
835,0.39766145,0.8048535,0.80743474,0.3709876,0.033877946,0.45078188
836,0.39762604,0.8048579,0.8074345,0.37099385,0.03387572,0.45078677
837,0.39762604,0.8048579,0.8074345,0.37099385,0.03387572,0.45078677
838,0.39760834,0.8048602,0.80743444,0.37099695,0.03387461,0.45078915
839,0.39760834,0.8048602,0.80743444,0.37099695,0.03387461,0.45078915
840,0.3975907,0.80486244,0.8074343,0.37100005,0.03387346,0.4507916
841,0.39757305,0.8048646,0.8074341,0.3710032,0.033872306,0.45079404
842,0.39753765,0.8048691,0.8074341,0.37100947,0.03387008,0.45079893
843,0.39753765,0.8048691,0.8074341,0.37100947,0.03387008,0.45079893
844,0.3975374,0.8048435,0.80743474,0.37100676,0.03386937,0.45079866
845,0.3975374,0.8048435,0.80743474,0.37100676,0.03386937,0.45079866
846,0.39750206,0.8048479,0.8074347,0.37101305,0.033867143,0.45080352
847,0.3974315,0.8048824,0.80743366,0.37102818,0.03386338,0.4508134
848,0.39736122,0.80494255,0.8074316,0.37104607,0.033860296,0.45082363
849,0.3973261,0.80497265,0.8074304,0.37105498,0.03385876,0.4508288
850,0.397291,0.8050028,0.80742943,0.37106395,0.03385721,0.45083386
851,0.39713228,0.805074,0.8074268,0.37109742,0.0338486,0.45085618
852,0.3991714,0.8110032,0.81104773,0.36404657,0.07447438,0.45153654
853,0.39901298,0.8111001,0.81104434,0.36408278,0.074466534,0.45155913
854,0.3988899,0.81119263,0.8110412,0.36411273,0.07446079,0.45157686
855,0.3987491,0.8112872,0.8110379,0.3641458,0.074453965,0.45159703
856,0.3986085,0.8114077,0.81103367,0.36418152,0.0744479,0.45161745
857,0.39981252,0.8174925,0.8144988,0.35999316,0.11505688,0.45374167
858,0.39932072,0.81788933,0.8144854,0.36010736,0.115034856,0.45380878
859,0.4001742,0.8223132,0.81746435,0.359206,0.15642208,0.45717928
860,0.40209687,0.82940066,0.8185145,0.42478696,0.15151179,0.30562064
861,0.39236826,0.81781644,0.8072517,0.33512926,0.15398839,0.43875563
862,0.39859432,0.82365394,0.81997085,0.3586021,0.1564194,0.45682555
863,0.39992148,0.8294721,0.8223628,0.41437626,0.20164353,0.32477635
864,0.39110047,0.81735307,0.8125742,0.35262924,0.2041628,0.44901082
865,0.3956579,0.8225456,0.8234545,0.36622363,0.20641607,0.46100956
866,0.39493716,0.82317376,0.82343894,0.36629564,0.20635861,0.46106693
867,0.3968367,0.8234079,0.8195474,0.39098436,0.25104773,0.61578643
868,0.39457428,0.82236075,0.81995076,0.34078085,0.2570331,0.5879164
869,0.39249724,0.8238965,0.8204888,0.32649836,0.2594648,0.43818825
870,0.39423412,0.83200943,0.82071847,0.40768576,0.25136805,0.34155098
871,0.3863417,0.8196262,0.81246614,0.37221226,0.2537583,0.46049228
872,0.38790923,0.8211793,0.8221718,0.3822201,0.3061969,0.46953487
873,0.39022708,0.8246191,0.8181492,0.39863008,0.30116028,0.60384744
874,0.38748682,0.82526606,0.8205995,0.34104025,0.30825517,0.44603467
875,0.39000624,0.8268816,0.81203496,0.40704554,0.29858512,0.6692056
876,0.38718337,0.8249441,0.8100908,0.33794117,0.3060909,0.6304945
877,0.3851611,0.8259643,0.8047876,0.33912128,0.30581915,0.6311631
878,0.38333505,0.8294298,0.8052992,0.32486686,0.308358,0.43682352
879,0.38466197,0.83008343,0.79668176,0.41209605,0.29754865,0.6724708
880,0.38097233,0.8291843,0.8004909,0.3359123,0.35711905,0.44271785
881,0.37676227,0.82377756,0.7987637,0.39503646,0.35490063,0.4763348
882,0.38144952,0.8294498,0.7840994,0.42975557,0.34505892,0.7309767
883,0.3780855,0.83145565,0.7877316,0.32318047,0.35721365,0.43545488
884,0.37577718,0.8273003,0.7825681,0.41436267,0.34977818,0.59946
885,0.37509018,0.8269172,0.7781447,0.3796924,0.35204637,0.6411258
886,0.37322372,0.8302432,0.7791567,0.34412387,0.35623157,0.44732046
887,0.3748095,0.83111495,0.7663531,0.43423226,0.34442776,0.7224437
888,0.37143576,0.83185357,0.76905435,0.33051383,0.35645312,0.4395575
889,0.3717245,0.8306721,0.7584611,0.43319866,0.34491688,0.70358896
890,0.3683957,0.83126545,0.7609238,0.33786643,0.35598466,0.443703
891,0.36365277,0.82484293,0.75899875,0.402955,0.35356972,0.48069674
892,0.36756766,0.830597,0.7503755,0.43466768,0.34466705,0.70434934
893,0.36418545,0.8309988,0.75283664,0.3391654,0.35580724,0.4443583
894,0.35940343,0.8244665,0.7509054,0.40424526,0.35339952,0.4813433
895,0.35782474,0.82327336,0.7513016,0.4140529,0.40241846,0.48650637
896,0.3621543,0.82732123,0.7295989,0.45231807,0.39242724,0.7574836
897,0.35934198,0.82966846,0.7325719,0.3398093,0.404626,0.4442623
898,0.35785395,0.8246605,0.72178185,0.4459523,0.39451668,0.70039964
899,0.35459137,0.81954837,0.71575373,0.3691767,0.4032051,0.6560954
900,0.3541218,0.82605815,0.71618533,0.36005425,0.40353805,0.45568898
901,0.3494323,0.81937206,0.71432096,0.42202523,0.40127346,0.4908921
902,0.35246837,0.8224393,0.70307237,0.45238605,0.39327687,0.72387564
903,0.3499903,0.8245429,0.7056098,0.35561395,0.40358648,0.45303845
904,0.3448667,0.8170282,0.7035538,0.42390424,0.401097,0.49182886
905,0.34315622,0.8163821,0.70340544,0.42359534,0.40119925,0.49159062
906,0.34762865,0.81942636,0.6817123,0.4613114,0.39146745,0.762227
907,0.34482223,0.8214784,0.68464595,0.34935457,0.40346768,0.44932005
908,0.33930156,0.8114837,0.68281186,0.4383707,0.4495381,0.49952638
909,0.3375867,0.81053877,0.6826537,0.43805572,0.449656,0.4992771
910,0.339135,0.8092947,0.6634478,0.46967167,0.4420959,0.75629526
911,0.33432442,0.80065286,0.6580183,0.36765665,0.45508283,0.64480567
912,0.33573797,0.81011593,0.6578651,0.38456097,0.45121592,0.4686789
913,0.32964957,0.8015878,0.6558989,0.4433031,0.4492339,0.50195026
914,0.33197504,0.8005142,0.6420833,0.47056788,0.44282642,0.739371
915,0.33100098,0.8048869,0.64464265,0.3756273,0.45158213,0.4633572
916,0.3259592,0.7951031,0.6430309,0.45604306,0.49800882,0.50865585
917,0.32687533,0.791511,0.62926346,0.47863603,0.49337754,0.7369018
918,0.32713223,0.79808843,0.6317089,0.39037865,0.50028944,0.47120237
919,0.3221411,0.7894371,0.6296272,0.45867187,0.49785307,0.50996995
920,0.3207149,0.78333575,0.62387335,0.46794248,0.49688843,0.656849
921,0.32176,0.7898864,0.62538224,0.41432995,0.49963465,0.48459494
922,0.31800222,0.7835016,0.6239544,0.4592042,0.49808493,0.51003844
923,0.31654507,0.7804383,0.6243007,0.46899992,0.5471953,0.51515186
924,0.31690532,0.773375,0.6079893,0.48868626,0.54403865,0.74689436
925,0.31858283,0.7824435,0.6104601,0.40244424,0.5494468,0.47719666
926,0.3137268,0.773331,0.6083386,0.47245568,0.546953,0.5169406
927,0.31278604,0.76536524,0.59729385,0.48597515,0.5454859,0.7175101
928,0.31506044,0.774756,0.59941894,0.4132766,0.5491091,0.4831573
929,0.31077546,0.7664445,0.5975492,0.47453493,0.54694545,0.517923
930,0.30946952,0.76409936,0.5973773,0.4742663,0.54711884,0.51767665
931,0.30691037,0.7515655,0.58687586,0.49270552,0.59659755,0.7136543
932,0.3106007,0.76347667,0.5888843,0.4273178,0.5981845,0.49045968
933,0.3053343,0.75282997,0.5858846,0.48251748,0.59671694,0.5216992
934,0.30417767,0.75038654,0.5857739,0.4824612,0.59686667,0.5215746
935,0.30296367,0.7478595,0.58565736,0.48239714,0.59702265,0.521442
936,0.29873163,0.73660254,0.5834916,0.48022336,0.6001384,0.5908453
937,0.30167705,0.7442592,0.58425516,0.46315032,0.5977658,0.51028126
938,0.29926452,0.73973835,0.5824745,0.48206896,0.59749603,0.5209672
939,0.29793242,0.7357393,0.582365,0.49032485,0.6468352,0.52519053
940,0.29677188,0.73301953,0.58225715,0.49030465,0.64699453,0.52507937
941,0.29551786,0.7302988,0.5821379,0.49025327,0.6471593,0.524948
942,0.2942432,0.7274397,0.58201796,0.49021375,0.6473299,0.52481925
943,0.29295093,0.72466326,0.58189493,0.4901572,0.64749885,0.5246825
944,0.290345,0.71891695,0.5816484,0.49006307,0.64784443,0.5244143
945,0.28903103,0.7159193,0.5815253,0.49002904,0.6480222,0.5242842
946,0.2876616,0.7129762,0.58139485,0.48996925,0.64820105,0.5241393
947,0.28633142,0.70911527,0.58128417,0.49820715,0.6975355,0.52835596
948,0.28360903,0.7030637,0.5810272,0.4981153,0.69789827,0.52807826
949,0.28210515,0.6998707,0.58088344,0.49804437,0.6980936,0.52791715
950,0.28067842,0.6968442,0.5807472,0.49797666,0.6982787,0.5277641
951,0.27780592,0.6907635,0.58047265,0.49783874,0.69865125,0.52745545
952,0.27581596,0.688336,0.5821865,0.49950838,0.69668853,0.46657532
953,0.2706334,0.6758115,0.579701,0.5168151,0.7489012,0.5374386
954,0.27007157,0.67353326,0.5825801,0.50593346,0.74882615,0.53106636
955,0.2684539,0.6702285,0.58242404,0.5058395,0.7490319,0.53088635
956,0.26693055,0.66698,0.58227855,0.5057696,0.74923027,0.53072387
957,0.26537055,0.66378635,0.5821282,0.50568,0.7494289,0.53055066
958,0.25957805,0.6529972,0.5835931,0.5151574,0.79735196,0.4806881
959,0.25463408,0.6422785,0.58134663,0.52306366,0.80008686,0.53935426
960,0.25397074,0.6399695,0.58387184,0.5134405,0.80004025,0.5337074
961,0.25227818,0.636664,0.583707,0.51332176,0.8002506,0.53351116
962,0.25098976,0.635958,0.58559155,0.5147806,0.798444,0.4797986
963,0.24254806,0.6185994,0.5830021,0.5224159,0.8016071,0.5380495
964,0.24176438,0.6162121,0.58522683,0.51174545,0.8016926,0.53180546
965,0.23991822,0.61273855,0.58497906,0.5113628,0.8019459,0.53145164
966,0.23462561,0.6025146,0.5842603,0.5102612,0.8026858,0.5304282
967,0.23275994,0.598986,0.58400923,0.5098742,0.8029428,0.53007
968,0.23098934,0.5955689,0.5837689,0.50950575,0.80319,0.5297278
969,0.22916228,0.59212285,0.58352333,0.50912696,0.80344117,0.52937734
